stock_a,stock_b,corr
MSFT,^GSPC,0.813083166856592
AAPL,^GSPC,0.7737785657130007
^GSPC,^VIX,-0.7159856141636519
ADBE,MSFT,0.7050488649097648
AAPL,MSFT,0.7003100250973621
NVDA,^GSPC,0.6962879664160062
ADBE,^GSPC,0.6810405786298027
AMD,NVDA,0.6799532568297971
ADBE,CRM,0.6796198972164591
AVGO,^GSPC,0.6722314833772822
QCOM,^GSPC,0.6699180886961865
MSFT,NVDA,0.6615543946437618
CRM,^GSPC,0.650197622249103
AVGO,NVDA,0.6365564340423175
CRM,MSFT,0.6358963443082551
AVGO,QCOM,0.6059618314897511
AMD,^GSPC,0.6040135881058382
NVDA,QCOM,0.6014517172103407
AAPL,ADBE,0.5955773295638924
AAPL,QCOM,0.577703964193266
ADBE,NVDA,0.5737358442355055
MSFT,^VIX,-0.5731868300302525
AAPL,NVDA,0.5721018087713897
ORCL,^GSPC,0.5620527690358897
AVGO,MSFT,0.5583827098008974
MSFT,QCOM,0.552120735640587
AMD,MSFT,0.5495275174462938
AMD,QCOM,0.5470882700038606
AAPL,^VIX,-0.5450878954271068
CRM,NVDA,0.5294296079270914
AAPL,CRM,0.5291224476774304
NVDA,^VIX,-0.5286553621207446
AMD,AVGO,0.5216154273602082
AAPL,AVGO,0.5214650167581606
ADBE,QCOM,0.5114330539267053
AAPL,AMD,0.509935196859686
AVGO,^VIX,-0.5055727857306497
QCOM,^VIX,-0.4989640859735299
MSFT,ORCL,0.4970632717965577
ADBE,^VIX,-0.4965651067391091
ADBE,AMD,0.4941214359961164
ADBE,AVGO,0.4702338853561263
AVGO,ORCL,0.4699815584808333
AMD,^VIX,-0.4622601283545521
AMD,CRM,0.46145056729621026
CRM,^VIX,-0.45968750657844054
CRM,QCOM,0.4506642517663471
NVDA,ORCL,0.4435403241292496
AVGO,CRM,0.4320326665842879
ORCL,^VIX,-0.3986652858401478
ADBE,ORCL,0.3936515561348295
AAPL,ORCL,0.38434609221337723
CRM,ORCL,0.3724564290061145
AMD,ORCL,0.3643971669045063
ORCL,QCOM,0.3593094942461766
